system:index,CTU_NAME,sq_miles,.geo
00000000000000000000,Anoka,"{groups=[{tempbin=1, sum=0.9412448715303876}, {tempbin=2, sum=0.974396281235891}, {tempbin=3, sum=3.2045199401023012}, {tempbin=4, sum=0.9971402170247882}, {tempbin=5, sum=0.5818936639987227}]}","{""type"":""MultiPoint"",""coordinates"":[]}"
00000000000000000001,Shoreview,"{groups=[{tempbin=1, sum=5.717771376742177}, {tempbin=2, sum=2.5504387565971123}, {tempbin=3, sum=2.0086041127723067}, {tempbin=4, sum=0.24048166914552685}, {tempbin=5, sum=0.02331891525377199}]}","{""type"":""MultiPoint"",""coordinates"":[]}"
00000000000000000002,Farmington,"{groups=[{tempbin=1, sum=8.414912843105348}, {tempbin=2, sum=1.733120104290881}, {tempbin=3, sum=3.3927751203956067}, {tempbin=4, sum=0.7892304144857686}, {tempbin=5, sum=0.35075599664068036}]}","{""type"":""MultiPoint"",""coordinates"":[]}"
00000000000000000003,Sciota Twp.,"{groups=[{tempbin=1, sum=12.911612711498979}, {tempbin=2, sum=0.9421175940934571}, {tempbin=3, sum=0.5617458757328302}, {tempbin=4, sum=0.06815130101564937}, {tempbin=5, sum=0.11824817557164927}]}","{""type"":""MultiPoint"",""coordinates"":[]}"
00000000000000000004,Golden Valley,"{groups=[{tempbin=1, sum=1.968942057952877}, {tempbin=2, sum=3.386075562919165}, {tempbin=3, sum=3.333696620983142}, {tempbin=4, sum=0.8795986254737087}, {tempbin=5, sum=0.5834441984028456}]}","{""type"":""MultiPoint"",""coordinates"":[]}"
00000000000000000005,Mendota Heights,"{groups=[{tempbin=1, sum=6.163373435843353}, {tempbin=2, sum=2.0009995602495168}, {tempbin=3, sum=0.9315078684174858}, {tempbin=4, sum=0.10662761521032724}, {tempbin=5, sum=0.00886598651607056}]}","{""type"":""MultiPoint"",""coordinates"":[]}"
00000000000000000006,Rockford,"{groups=[{tempbin=1, sum=0.093962307344458}, {tempbin=2, sum=0.05961921125333847}, {tempbin=3, sum=0.09691180270482795}, {tempbin=4, sum=0.027477674800817836}, {tempbin=5, sum=0.005397260934704589}]}","{""type"":""MultiPoint"",""coordinates"":[]}"
00000000000000000007,Young America Twp.,"{groups=[{tempbin=1, sum=25.741369171265944}, {tempbin=2, sum=3.5033329011649728}, {tempbin=3, sum=1.5517300470407032}, {tempbin=4, sum=0.27530728803231785}, {tempbin=5, sum=0.3656222321609074}]}","{""type"":""MultiPoint"",""coordinates"":[]}"
00000000000000000008,Plymouth,"{groups=[{tempbin=1, sum=9.446528319047145}, {tempbin=2, sum=7.4780889612919825}, {tempbin=3, sum=10.426039366548205}, {tempbin=4, sum=2.579827428139931}, {tempbin=5, sum=1.4894417055375235}]}","{""type"":""MultiPoint"",""coordinates"":[]}"
00000000000000000009,White Bear Lake,"{groups=[{tempbin=1, sum=1.514089553142788}, {tempbin=2, sum=2.707440035076587}, {tempbin=3, sum=2.9715955643118686}, {tempbin=4, sum=0.4315244804572085}, {tempbin=5, sum=0.10899845245700679}]}","{""type"":""MultiPoint"",""coordinates"":[]}"
0000000000000000000a,Crystal,"{groups=[{tempbin=1, sum=0.264512543773645}, {tempbin=2, sum=1.0371520629143889}, {tempbin=3, sum=3.144794357120768}, {tempbin=4, sum=0.508244993769835}, {tempbin=5, sum=0.7229325014009}]}","{""type"":""MultiPoint"",""coordinates"":[]}"
0000000000000000000b,Spring Lake Park,"{groups=[{tempbin=1, sum=0.12800526220014083}, {tempbin=2, sum=0.29082463117262053}, {tempbin=3, sum=1.2037765249886168}, {tempbin=4, sum=0.29107955209515424}, {tempbin=5, sum=0.07773547300422368}]}","{""type"":""MultiPoint"",""coordinates"":[]}"
0000000000000000000c,Lakeland Shores,"{groups=[{tempbin=1, sum=0.12173269178051144}, {tempbin=2, sum=0.10746991455919178}, {tempbin=3, sum=0.06271308319905396}, {tempbin=4, sum=0.012297469707751457}, {tempbin=5, sum=9.838088165039062E-4}]}","{""type"":""MultiPoint"",""coordinates"":[]}"
0000000000000000000d,Robbinsdale,"{groups=[{tempbin=1, sum=0.11987342077351672}, {tempbin=2, sum=0.4322944735318556}, {tempbin=3, sum=1.8628317316940317}, {tempbin=4, sum=0.22667945424549038}, {tempbin=5, sum=0.10978121145778194}]}","{""type"":""MultiPoint"",""coordinates"":[]}"
0000000000000000000e,Chaska,"{groups=[{tempbin=1, sum=6.0783907658498}, {tempbin=2, sum=3.4755657169710625}, {tempbin=3, sum=5.789373402369008}, {tempbin=4, sum=1.071087319977755}, {tempbin=5, sum=0.39429980506560125}]}","{""type"":""MultiPoint"",""coordinates"":[]}"
0000000000000000000f,North Oaks,"{groups=[{tempbin=1, sum=5.9270252941477635}, {tempbin=2, sum=0.49428692108816746}, {tempbin=3, sum=0.33087422347454376}, {tempbin=4, sum=0.06451598009476303}, {tempbin=5, sum=0.01152988544558715}]}","{""type"":""MultiPoint"",""coordinates"":[]}"
00000000000000000010,Long Lake,"{groups=[{tempbin=1, sum=0.2750321174561833}, {tempbin=2, sum=0.25266491787035633}, {tempbin=3, sum=0.21062731177403032}, {tempbin=4, sum=0.09363554293040752}, {tempbin=5, sum=0.009338878374334714}]}","{""type"":""MultiPoint"",""coordinates"":[]}"
00000000000000000011,North St. Paul,"{groups=[{tempbin=1, sum=0.30164581020234327}, {tempbin=2, sum=0.9089351533678659}, {tempbin=3, sum=1.2651230817287833}, {tempbin=4, sum=0.2852029262122019}, {tempbin=5, sum=0.1051404081345151}]}","{""type"":""MultiPoint"",""coordinates"":[]}"
00000000000000000012,Independence,"{groups=[{tempbin=1, sum=23.46975494443382}, {tempbin=2, sum=4.925227286248158}, {tempbin=3, sum=2.352754281788457}, {tempbin=4, sum=0.11522248161828}, {tempbin=5, sum=0.011791710851330565}]}","{""type"":""MultiPoint"",""coordinates"":[]}"
00000000000000000013,Prior Lake,"{groups=[{tempbin=1, sum=6.713848192004528}, {tempbin=2, sum=3.0823482979387986}, {tempbin=3, sum=4.60792777131236}, {tempbin=4, sum=0.8908122592701752}, {tempbin=5, sum=0.2972908801830302}]}","{""type"":""MultiPoint"",""coordinates"":[]}"
00000000000000000014,Lexington,"{groups=[{tempbin=1, sum=0.2360501697037718}, {tempbin=2, sum=0.2343404425274235}, {tempbin=3, sum=0.19487698259326267}, {tempbin=4, sum=0.02132566790026245}]}","{""type"":""MultiPoint"",""coordinates"":[]}"
00000000000000000015,Oak Park Heights,"{groups=[{tempbin=1, sum=0.33448395084823823}, {tempbin=2, sum=0.4516085974537911}, {tempbin=3, sum=1.1048466448873986}, {tempbin=4, sum=0.5802879168468497}, {tempbin=5, sum=0.35852839011386467}]}","{""type"":""MultiPoint"",""coordinates"":[]}"
00000000000000000016,Oakdale,"{groups=[{tempbin=1, sum=2.420367158930846}, {tempbin=2, sum=2.6401978274371913}, {tempbin=3, sum=4.570299263222425}, {tempbin=4, sum=0.6660758542173166}, {tempbin=5, sum=0.16885484946024149}]}","{""type"":""MultiPoint"",""coordinates"":[]}"
00000000000000000017,Denmark Twp.,"{groups=[{tempbin=1, sum=25.272181194928788}, {tempbin=2, sum=1.9458091056055569}, {tempbin=3, sum=1.0749363117351691}, {tempbin=4, sum=0.04954922184649654}, {tempbin=5, sum=0.0029572940195068363}]}","{""type"":""MultiPoint"",""coordinates"":[]}"
00000000000000000018,St. Marys Point,"{groups=[{tempbin=1, sum=0.29652533314980545}, {tempbin=2, sum=0.05487366341156619}, {tempbin=3, sum=0.023376816090802013}]}","{""type"":""MultiPoint"",""coordinates"":[]}"
00000000000000000019,Eureka Twp.,"{groups=[{tempbin=1, sum=22.30084921446929}, {tempbin=2, sum=4.869438208392742}, {tempbin=3, sum=4.5226949618716255}, {tempbin=4, sum=1.2223453493393377}, {tempbin=5, sum=1.6868506130890533}]}","{""type"":""MultiPoint"",""coordinates"":[]}"
0000000000000000001a,Wayzata,"{groups=[{tempbin=1, sum=1.8703456035747221}, {tempbin=2, sum=0.4995056557126116}, {tempbin=3, sum=0.5209025703272672}, {tempbin=4, sum=0.02433772319633793}]}","{""type"":""MultiPoint"",""coordinates"":[]}"
0000000000000000001b,Jackson Twp.,"{groups=[{tempbin=1, sum=3.808506452088563}, {tempbin=2, sum=0.9611147092247376}, {tempbin=3, sum=0.8041799278688204}, {tempbin=4, sum=0.18550173107268633}, {tempbin=5, sum=0.033055649388061506}]}","{""type"":""MultiPoint"",""coordinates"":[]}"
0000000000000000001c,Empire Twp.,"{groups=[{tempbin=1, sum=22.419168191411874}, {tempbin=2, sum=3.9277985701850473}, {tempbin=3, sum=3.5457157093643623}, {tempbin=4, sum=0.6846354950013646}, {tempbin=5, sum=0.9180422902049863}]}","{""type"":""MultiPoint"",""coordinates"":[]}"
0000000000000000001d,Minnetonka,"{groups=[{tempbin=1, sum=17.944212124561943}, {tempbin=2, sum=3.4286959927156064}, {tempbin=3, sum=3.3304727319599694}, {tempbin=4, sum=0.9084092535427432}, {tempbin=5, sum=0.3239166189711189}]}","{""type"":""MultiPoint"",""coordinates"":[]}"
0000000000000000001e,Jordan,"{groups=[{tempbin=1, sum=0.825087417042706}, {tempbin=2, sum=0.47178259638118153}, {tempbin=3, sum=1.0606787241465598}, {tempbin=4, sum=0.4799516963399779}, {tempbin=5, sum=0.20636038559558692}]}","{""type"":""MultiPoint"",""coordinates"":[]}"
0000000000000000001f,Medicine Lake,"{groups=[{tempbin=1, sum=0.12629782775176376}, {tempbin=2, sum=0.026046214400225805}, {tempbin=3, sum=0.006143178963482665}]}","{""type"":""MultiPoint"",""coordinates"":[]}"
00000000000000000020,Shorewood,"{groups=[{tempbin=1, sum=4.162804946676359}, {tempbin=2, sum=0.4644637296030933}, {tempbin=3, sum=0.20945897595477955}, {tempbin=4, sum=0.014277471950720206}]}","{""type"":""MultiPoint"",""coordinates"":[]}"
00000000000000000021,Lilydale,"{groups=[{tempbin=1, sum=0.5098989513886967}, {tempbin=2, sum=0.0465176377472168}, {tempbin=3, sum=0.06571678974246835}]}","{""type"":""MultiPoint"",""coordinates"":[]}"
00000000000000000022,Landfall,"{groups=[{tempbin=1, sum=0.009590766536041255}, {tempbin=2, sum=0.020902823688922108}, {tempbin=3, sum=0.02877282491055909}]}","{""type"":""MultiPoint"",""coordinates"":[]}"
00000000000000000023,Medina,"{groups=[{tempbin=1, sum=17.67069648168525}, {tempbin=2, sum=2.9421543133204295}, {tempbin=3, sum=2.439427105026771}, {tempbin=4, sum=0.3501760952491691}, {tempbin=5, sum=0.27509981331840794}]}","{""type"":""MultiPoint"",""coordinates"":[]}"
00000000000000000024,Lake Elmo,"{groups=[{tempbin=1, sum=9.950276376566293}, {tempbin=2, sum=5.801951173135958}, {tempbin=3, sum=5.8677629581363915}, {tempbin=4, sum=0.4494926633375621}, {tempbin=5, sum=0.16783115590574352}]}","{""type"":""MultiPoint"",""coordinates"":[]}"
00000000000000000025,Lake St. Croix Beach,"{groups=[{tempbin=1, sum=0.20839280296376894}, {tempbin=2, sum=0.19166030410050608}, {tempbin=3, sum=0.15130319728798847}, {tempbin=4, sum=0.005904383348144534}]}","{""type"":""MultiPoint"",""coordinates"":[]}"
00000000000000000026,May Twp.,"{groups=[{tempbin=1, sum=25.20760257571666}, {tempbin=2, sum=4.400460705877543}, {tempbin=3, sum=3.576659475151367}, {tempbin=4, sum=0.15315024206991623}, {tempbin=5, sum=0.001716079303729248}]}","{""type"":""MultiPoint"",""coordinates"":[]}"
00000000000000000027,Greenvale Twp.,"{groups=[{tempbin=1, sum=19.251413509527765}, {tempbin=2, sum=3.691877792950674}, {tempbin=3, sum=2.8990104379224215}, {tempbin=4, sum=0.6082624620503736}, {tempbin=5, sum=0.9980708481779957}]}","{""type"":""MultiPoint"",""coordinates"":[]}"
00000000000000000028,Carver,"{groups=[{tempbin=1, sum=2.8399743197482303}, {tempbin=2, sum=0.463809871656801}, {tempbin=3, sum=0.8048148063984553}, {tempbin=4, sum=0.10336754602001966}, {tempbin=5, sum=0.014800056886779796}]}","{""type"":""MultiPoint"",""coordinates"":[]}"
00000000000000000029,Scandia,"{groups=[{tempbin=1, sum=24.844423630309457}, {tempbin=2, sum=5.467602074334464}, {tempbin=3, sum=4.025912182051927}, {tempbin=4, sum=0.29329245782803276}, {tempbin=5, sum=0.12082075487572605}]}","{""type"":""MultiPoint"",""coordinates"":[]}"
0000000000000000002a,Dahlgren Twp.,"{groups=[{tempbin=1, sum=26.705303474456137}, {tempbin=2, sum=4.202036067730196}, {tempbin=3, sum=2.426340382725958}, {tempbin=4, sum=0.18409679164638104}, {tempbin=5, sum=0.1777018370237177}]}","{""type"":""MultiPoint"",""coordinates"":[]}"
0000000000000000002b,Hampton,"{groups=[{tempbin=1, sum=0.5944030102054707}, {tempbin=2, sum=0.24562926366668666}, {tempbin=3, sum=0.32948457908961204}, {tempbin=4, sum=0.07025096758227535}, {tempbin=5, sum=0.003215938059283447}]}","{""type"":""MultiPoint"",""coordinates"":[]}"
0000000000000000002c,Cologne,"{groups=[{tempbin=1, sum=0.803708394100321}, {tempbin=2, sum=0.24273760624656307}, {tempbin=3, sum=0.5570106749186015}, {tempbin=4, sum=0.1294992292780155}, {tempbin=5, sum=0.036256974443701115}]}","{""type"":""MultiPoint"",""coordinates"":[]}"
0000000000000000002d,New Brighton,"{groups=[{tempbin=1, sum=1.588492560850171}, {tempbin=2, sum=2.280342701693261}, {tempbin=3, sum=2.162147960886393}, {tempbin=4, sum=0.4305301553409299}, {tempbin=5, sum=0.0937613850425902}]}","{""type"":""MultiPoint"",""coordinates"":[]}"
0000000000000000002e,Woodland,"{groups=[{tempbin=1, sum=0.5375811869842911}, {tempbin=2, sum=9.836812319458008E-4}]}","{""type"":""MultiPoint"",""coordinates"":[]}"
0000000000000000002f,Birchwood Village,"{groups=[{tempbin=1, sum=0.3048563458544675}, {tempbin=2, sum=0.018409612301751713}]}","{""type"":""MultiPoint"",""coordinates"":[]}"
00000000000000000030,Afton,"{groups=[{tempbin=1, sum=19.56915982191021}, {tempbin=2, sum=3.116036622348059}, {tempbin=3, sum=2.04007921545669}, {tempbin=4, sum=0.22582462653605312}, {tempbin=5, sum=0.00836590015299683}]}","{""type"":""MultiPoint"",""coordinates"":[]}"
00000000000000000031,West Lakeland Twp.,"{groups=[{tempbin=1, sum=5.406325808367599}, {tempbin=2, sum=2.9953922254106224}, {tempbin=3, sum=3.313050302395724}, {tempbin=4, sum=0.3164465250663046}, {tempbin=5, sum=0.26430981763727524}]}","{""type"":""MultiPoint"",""coordinates"":[]}"
00000000000000000032,Laketown Twp.,"{groups=[{tempbin=1, sum=19.249510987664088}, {tempbin=2, sum=3.3922015578876747}, {tempbin=3, sum=1.1864804790287111}, {tempbin=4, sum=0.0485167059164245}, {tempbin=5, sum=0.011825720878930657}]}","{""type"":""MultiPoint"",""coordinates"":[]}"
00000000000000000033,Lauderdale,"{groups=[{tempbin=1, sum=0.10271339762678819}, {tempbin=2, sum=0.13146504962777716}, {tempbin=3, sum=0.15260507396010126}, {tempbin=4, sum=0.030964180753784157}, {tempbin=5, sum=0.00565239277001953}]}","{""type"":""MultiPoint"",""coordinates"":[]}"
00000000000000000034,Helena Twp.,"{groups=[{tempbin=1, sum=25.11056694944208}, {tempbin=2, sum=3.4109069766603812}, {tempbin=3, sum=2.0930413243503025}, {tempbin=4, sum=0.3251358905568439}, {tempbin=5, sum=0.6026117372116108}]}","{""type"":""MultiPoint"",""coordinates"":[]}"
00000000000000000035,Ramsey,"{groups=[{tempbin=1, sum=10.805701320605158}, {tempbin=2, sum=4.6653968412006925}, {tempbin=3, sum=8.589250981877663}, {tempbin=4, sum=2.3952299288921575}, {tempbin=5, sum=1.1999915905062701}]}","{""type"":""MultiPoint"",""coordinates"":[]}"
00000000000000000036,Chanhassen,"{groups=[{tempbin=1, sum=9.441236191134847}, {tempbin=2, sum=4.339867031671065}, {tempbin=3, sum=4.820578841294823}, {tempbin=4, sum=0.8498610913953715}, {tempbin=5, sum=0.4496393560515903}]}","{""type"":""MultiPoint"",""coordinates"":[]}"
00000000000000000037,St. Paul Park,"{groups=[{tempbin=1, sum=2.197466238094475}, {tempbin=2, sum=0.6445608834477103}, {tempbin=3, sum=0.34443727758556064}, {tempbin=4, sum=0.008869473104644775}, {tempbin=5, sum=0.002463877991107178}]}","{""type"":""MultiPoint"",""coordinates"":[]}"
00000000000000000038,New Prague,"{groups=[{tempbin=1, sum=0.6695138298699608}, {tempbin=2, sum=0.35777566243015113}, {tempbin=3, sum=0.856701425988995}, {tempbin=4, sum=0.25106457918202507}, {tempbin=5, sum=0.09532814931480098}]}","{""type"":""MultiPoint"",""coordinates"":[]}"
00000000000000000039,Maplewood,"{groups=[{tempbin=1, sum=6.854057420126372}, {tempbin=2, sum=4.1983186545356945}, {tempbin=3, sum=4.358262600103673}, {tempbin=4, sum=0.9660659179069405}, {tempbin=5, sum=0.5398625484545514}]}","{""type"":""MultiPoint"",""coordinates"":[]}"
0000000000000000003a,Marshan Twp.,"{groups=[{tempbin=1, sum=29.853512686241924}, {tempbin=2, sum=2.118551366836714}, {tempbin=3, sum=2.0320291683158516}, {tempbin=4, sum=0.2268164513343383}, {tempbin=5, sum=0.18412426043206748}]}","{""type"":""MultiPoint"",""coordinates"":[]}"
0000000000000000003b,Grant,"{groups=[{tempbin=1, sum=16.559582321855924}, {tempbin=2, sum=4.523216385609042}, {tempbin=3, sum=3.403633490064849}, {tempbin=4, sum=0.27258146331938005}, {tempbin=5, sum=0.13450015335470614}]}","{""type"":""MultiPoint"",""coordinates"":[]}"
0000000000000000003c,Bloomington,"{groups=[{tempbin=1, sum=10.453664741943317}, {tempbin=2, sum=5.313776796601581}, {tempbin=3, sum=12.397886127689588}, {tempbin=4, sum=2.8874687921686415}, {tempbin=5, sum=3.2785154687476545}]}","{""type"":""MultiPoint"",""coordinates"":[]}"
0000000000000000003d,Richfield,"{groups=[{tempbin=1, sum=0.3262522674823249}, {tempbin=2, sum=0.6453708416428667}, {tempbin=3, sum=4.481146732906363}, {tempbin=4, sum=0.8953432248729868}, {tempbin=5, sum=0.3728123175745757}]}","{""type"":""MultiPoint"",""coordinates"":[]}"
0000000000000000003e,Belle Plaine,"{groups=[{tempbin=1, sum=2.365484105187388}, {tempbin=2, sum=0.5359337721626696}, {tempbin=3, sum=1.361508377014696}, {tempbin=4, sum=0.7266747662717683}, {tempbin=5, sum=0.8768083812577487}]}","{""type"":""MultiPoint"",""coordinates"":[]}"
0000000000000000003f,Greenfield,"{groups=[{tempbin=1, sum=15.431950480606096}, {tempbin=2, sum=2.7841818932810676}, {tempbin=3, sum=1.5504767324119018}, {tempbin=4, sum=0.12828221047644628}, {tempbin=5, sum=0.007354846966717527}]}","{""type"":""MultiPoint"",""coordinates"":[]}"
00000000000000000040,Dayton,"{groups=[{tempbin=1, sum=15.57920778995859}, {tempbin=2, sum=2.8859665732401676}, {tempbin=3, sum=2.942208696202866}, {tempbin=4, sum=0.4157733699093954}, {tempbin=5, sum=0.1226582042572818}]}","{""type"":""MultiPoint"",""coordinates"":[]}"
00000000000000000041,Castle Rock Twp.,"{groups=[{tempbin=1, sum=26.78977452082697}, {tempbin=2, sum=3.989878706674007}, {tempbin=3, sum=3.3350739840699513}, {tempbin=4, sum=0.5516979119358932}, {tempbin=5, sum=0.6947017359107341}]}","{""type"":""MultiPoint"",""coordinates"":[]}"
00000000000000000042,Minnetonka Beach,{groups=[]},"{""type"":""MultiPoint"",""coordinates"":[]}"
00000000000000000043,Waterford Twp.,"{groups=[{tempbin=1, sum=9.442113705471755}, {tempbin=2, sum=1.8895440953776343}, {tempbin=3, sum=1.8777217829670527}, {tempbin=4, sum=0.4659776490300299}, {tempbin=5, sum=0.9145341991788114}]}","{""type"":""MultiPoint"",""coordinates"":[]}"
00000000000000000044,San Francisco Twp.,"{groups=[{tempbin=1, sum=19.147175473464372}, {tempbin=2, sum=2.0368956525092896}, {tempbin=3, sum=1.3697570854017127}, {tempbin=4, sum=0.14323628150793502}, {tempbin=5, sum=0.14397149471154758}]}","{""type"":""MultiPoint"",""coordinates"":[]}"
00000000000000000045,Coates,"{groups=[{tempbin=1, sum=0.37356268225748496}, {tempbin=2, sum=0.2261738099653749}, {tempbin=3, sum=0.5676620883893884}, {tempbin=4, sum=0.18148196238832412}, {tempbin=5, sum=0.16493618741418417}]}","{""type"":""MultiPoint"",""coordinates"":[]}"
00000000000000000046,Deephaven,"{groups=[{tempbin=1, sum=2.068693526522105}, {tempbin=2, sum=0.13627646821746875}, {tempbin=3, sum=0.0597730846402772}]}","{""type"":""MultiPoint"",""coordinates"":[]}"
00000000000000000047,Hilltop,"{groups=[{tempbin=2, sum=0.003191300453649902}, {tempbin=3, sum=0.07266380790893541}, {tempbin=4, sum=0.032894443659539786}, {tempbin=5, sum=0.01251906330025634}]}","{""type"":""MultiPoint"",""coordinates"":[]}"
00000000000000000048,Rosemount,"{groups=[{tempbin=1, sum=17.612000817629358}, {tempbin=2, sum=4.931126973193488}, {tempbin=3, sum=7.357810253959199}, {tempbin=4, sum=2.52656601501646}, {tempbin=5, sum=1.0334065158635877}]}","{""type"":""MultiPoint"",""coordinates"":[]}"
00000000000000000049,Watertown Twp.,"{groups=[{tempbin=1, sum=22.187030553824467}, {tempbin=2, sum=4.808644606544308}, {tempbin=3, sum=2.7236599979962817}, {tempbin=4, sum=0.10776311087272329}, {tempbin=5, sum=0.04504014012963862}]}","{""type"":""MultiPoint"",""coordinates"":[]}"
00000000000000000094,Hamburg,"{groups=[{tempbin=1, sum=0.004936672738311768}, {tempbin=2, sum=0.029620329327630625}, {tempbin=3, sum=0.1382291504684145}, {tempbin=4, sum=0.014316382436627187}]}","{""type"":""MultiPoint"",""coordinates"":[]}"
00000000000000000095,South St. Paul,"{groups=[{tempbin=1, sum=1.1871648636189756}, {tempbin=2, sum=1.5887494490115963}, {tempbin=3, sum=2.5544584241376547}, {tempbin=4, sum=0.3264564480449514}, {tempbin=5, sum=0.11324388480853259}]}","{""type"":""MultiPoint"",""coordinates"":[]}"
00000000000000000096,Mayer,"{groups=[{tempbin=1, sum=0.2176267089159669}, {tempbin=2, sum=0.2306735428495059}, {tempbin=3, sum=0.6393571057914842}, {tempbin=4, sum=0.27154479547106264}, {tempbin=5, sum=0.02068099674911501}]}","{""type"":""MultiPoint"",""coordinates"":[]}"
00000000000000000097,Champlin,"{groups=[{tempbin=1, sum=1.8527665278393284}, {tempbin=2, sum=1.5752588092233868}, {tempbin=3, sum=4.057615021098678}, {tempbin=4, sum=0.47311119633889215}, {tempbin=5, sum=0.11050345260631728}]}","{""type"":""MultiPoint"",""coordinates"":[]}"
00000000000000000098,Shakopee,"{groups=[{tempbin=1, sum=8.191424557581707}, {tempbin=2, sum=3.402274332167924}, {tempbin=3, sum=8.655655808394533}, {tempbin=4, sum=4.215454215593848}, {tempbin=5, sum=2.9249646357423584}]}","{""type"":""MultiPoint"",""coordinates"":[]}"
00000000000000000099,East Bethel,"{groups=[{tempbin=1, sum=26.861726132527476}, {tempbin=2, sum=6.576537887189842}, {tempbin=3, sum=8.039502462259758}, {tempbin=4, sum=1.2658699362338792}, {tempbin=5, sum=0.6389272621979672}]}","{""type"":""MultiPoint"",""coordinates"":[]}"
0000000000000000009a,Brooklyn Park,"{groups=[{tempbin=1, sum=2.1608645417455428}, {tempbin=2, sum=3.416991508249977}, {tempbin=3, sum=14.329483100403897}, {tempbin=4, sum=4.249261261370276}, {tempbin=5, sum=1.3663895810113817}]}","{""type"":""MultiPoint"",""coordinates"":[]}"
0000000000000000009b,Fridley,"{groups=[{tempbin=1, sum=1.8660390601522596}, {tempbin=2, sum=1.9376783444529775}, {tempbin=3, sum=3.946122048935535}, {tempbin=4, sum=1.587504357954542}, {tempbin=5, sum=0.6452868595434603}]}","{""type"":""MultiPoint"",""coordinates"":[]}"
0000000000000000009c,Maple Plain,"{groups=[{tempbin=1, sum=0.29749549623931226}, {tempbin=2, sum=0.3392829305797866}, {tempbin=3, sum=0.40167974497390413}, {tempbin=4, sum=0.024812475187500006}, {tempbin=5, sum=0.0014741438922729493}]}","{""type"":""MultiPoint"",""coordinates"":[]}"
0000000000000000009d,Baytown Twp.,"{groups=[{tempbin=1, sum=3.6504841668241768}, {tempbin=2, sum=2.1147213446926885}, {tempbin=3, sum=1.7445680775280086}, {tempbin=4, sum=0.3424955749826665}, {tempbin=5, sum=0.16413305859843696}]}","{""type"":""MultiPoint"",""coordinates"":[]}"
0000000000000000009e,Loretto,"{groups=[{tempbin=1, sum=0.020374176224047868}, {tempbin=2, sum=0.06652400922927239}, {tempbin=3, sum=0.16839882009058263}]}","{""type"":""MultiPoint"",""coordinates"":[]}"
0000000000000000009f,Mahtomedi,"{groups=[{tempbin=1, sum=1.9948203257814465}, {tempbin=2, sum=0.5661025477503115}, {tempbin=3, sum=0.7635222671387707}, {tempbin=4, sum=0.08765264120789773}, {tempbin=5, sum=0.024306144345043947}]}","{""type"":""MultiPoint"",""coordinates"":[]}"
000000000000000000a0,Vermillion,"{groups=[{tempbin=1, sum=0.7526280411185733}, {tempbin=2, sum=0.17320444336263394}, {tempbin=3, sum=0.062019559015686045}, {tempbin=4, sum=0.006918631544915774}]}","{""type"":""MultiPoint"",""coordinates"":[]}"
000000000000000000a1,Maple Grove,"{groups=[{tempbin=1, sum=10.59232503539303}, {tempbin=2, sum=6.211258173001572}, {tempbin=3, sum=12.156890466643087}, {tempbin=4, sum=1.9356582907448587}, {tempbin=5, sum=0.4608194861996516}]}","{""type"":""MultiPoint"",""coordinates"":[]}"
000000000000000000a2,Osseo,"{groups=[{tempbin=2, sum=2.4518780436401366E-4}, {tempbin=3, sum=0.4283771651687975}, {tempbin=4, sum=0.17949320726495416}, {tempbin=5, sum=0.13045927588297132}]}","{""type"":""MultiPoint"",""coordinates"":[]}"
000000000000000000a3,Fort Snelling (unorg.),"{groups=[{tempbin=1, sum=0.8939171604225631}, {tempbin=2, sum=0.4281300588122298}, {tempbin=3, sum=1.3418537864883813}, {tempbin=4, sum=1.1321106888897399}, {tempbin=5, sum=3.5430220350175268}]}","{""type"":""MultiPoint"",""coordinates"":[]}"
000000000000000000a4,Credit River Twp.,"{groups=[{tempbin=1, sum=14.631615092020388}, {tempbin=2, sum=4.295087499638646}, {tempbin=3, sum=3.425625973167205}, {tempbin=4, sum=0.14824705728526558}, {tempbin=5, sum=0.0753693686403443}]}","{""type"":""MultiPoint"",""coordinates"":[]}"
000000000000000000a5,Nininger Twp.,"{groups=[{tempbin=1, sum=11.749764004820427}, {tempbin=2, sum=1.0526729708341476}, {tempbin=3, sum=0.4136999273424353}]}","{""type"":""MultiPoint"",""coordinates"":[]}"
000000000000000000a6,Eden Prairie,"{groups=[{tempbin=1, sum=11.755709793388109}, {tempbin=2, sum=6.582374341894102}, {tempbin=3, sum=8.940071965341357}, {tempbin=4, sum=2.198446070250705}, {tempbin=5, sum=1.425233048670792}]}","{""type"":""MultiPoint"",""coordinates"":[]}"
000000000000000000a7,Rogers,"{groups=[{tempbin=1, sum=11.660523191340548}, {tempbin=2, sum=4.224851069744264}, {tempbin=3, sum=6.866596433961207}, {tempbin=4, sum=1.3582485471809527}, {tempbin=5, sum=0.5769180861710446}]}","{""type"":""MultiPoint"",""coordinates"":[]}"
000000000000000000a8,Northfield,"{groups=[{tempbin=1, sum=0.8927402787237892}, {tempbin=2, sum=0.11453980172173477}, {tempbin=3, sum=0.27221971436641823}, {tempbin=4, sum=0.14181107668615714}, {tempbin=5, sum=0.030493567224865768}]}","{""type"":""MultiPoint"",""coordinates"":[]}"
000000000000000000a9,Hancock Twp.,"{groups=[{tempbin=1, sum=14.437949569487362}, {tempbin=2, sum=1.296415340494416}, {tempbin=3, sum=0.843958362828851}, {tempbin=4, sum=0.18301034668507615}, {tempbin=5, sum=0.2072602450925349}]}","{""type"":""MultiPoint"",""coordinates"":[]}"
000000000000000000aa,Newport,"{groups=[{tempbin=1, sum=2.8392242110594106}, {tempbin=2, sum=0.387538756922353}, {tempbin=3, sum=0.3811595704455338}, {tempbin=4, sum=0.005663342230444335}]}","{""type"":""MultiPoint"",""coordinates"":[]}"
000000000000000000ab,Bethel,"{groups=[{tempbin=1, sum=0.4779954488146734}, {tempbin=2, sum=0.14811010329803434}, {tempbin=3, sum=0.23497498317244228}, {tempbin=4, sum=0.014640687866876213}]}","{""type"":""MultiPoint"",""coordinates"":[]}"
000000000000000000ac,Blakeley Twp.,"{groups=[{tempbin=1, sum=21.868387303125022}, {tempbin=2, sum=1.892363120893043}, {tempbin=3, sum=1.1293014114095723}, {tempbin=4, sum=0.20392956649791885}, {tempbin=5, sum=0.33737226283817084}]}","{""type"":""MultiPoint"",""coordinates"":[]}"
000000000000000000ad,Circle Pines,"{groups=[{tempbin=1, sum=1.1113783952066292}, {tempbin=2, sum=0.3845482300476022}, {tempbin=3, sum=0.24117782990361275}, {tempbin=4, sum=0.003431806536291504}]}","{""type"":""MultiPoint"",""coordinates"":[]}"
000000000000000000ae,Corcoran,"{groups=[{tempbin=1, sum=25.14197361201167}, {tempbin=2, sum=5.520263764648445}, {tempbin=3, sum=2.720203060813276}, {tempbin=4, sum=0.29138582450621375}, {tempbin=5, sum=0.1572581904186396}]}","{""type"":""MultiPoint"",""coordinates"":[]}"
000000000000000000af,Tonka Bay,"{groups=[{tempbin=1, sum=0.7500074593617029}, {tempbin=2, sum=0.03445287838511354}, {tempbin=3, sum=0.027318923743579103}]}","{""type"":""MultiPoint"",""coordinates"":[]}"
000000000000000000b0,St. Francis,"{groups=[{tempbin=1, sum=12.85670408894868}, {tempbin=2, sum=2.7205785524659523}, {tempbin=3, sum=4.512321457944359}, {tempbin=4, sum=1.2298671602598628}, {tempbin=5, sum=0.37457883291110294}]}","{""type"":""MultiPoint"",""coordinates"":[]}"
000000000000000000b1,Spring Park,{groups=[]},"{""type"":""MultiPoint"",""coordinates"":[]}"
000000000000000000b2,Stillwater,"{groups=[{tempbin=1, sum=2.8327436999853925}, {tempbin=2, sum=2.699628037391313}, {tempbin=3, sum=1.84454536706522}, {tempbin=4, sum=0.5900112646415262}, {tempbin=5, sum=0.09846211907933367}]}","{""type"":""MultiPoint"",""coordinates"":[]}"
000000000000000000b3,Excelsior,"{groups=[{tempbin=1, sum=0.27516744621315253}, {tempbin=2, sum=0.14250760902778942}, {tempbin=3, sum=0.19394902322188004}, {tempbin=4, sum=0.016244084955487077}, {tempbin=5, sum=0.002953442799261474}]}","{""type"":""MultiPoint"",""coordinates"":[]}"
000000000000000000b4,Victoria,"{groups=[{tempbin=1, sum=4.796108718059878}, {tempbin=2, sum=1.4619004747035307}, {tempbin=3, sum=2.0167072814430003}, {tempbin=4, sum=0.21801383411704078}, {tempbin=5, sum=0.03940958265314938}]}","{""type"":""MultiPoint"",""coordinates"":[]}"
000000000000000000b5,Pine Springs,"{groups=[{tempbin=1, sum=0.4822521590378532}, {tempbin=2, sum=0.1360385315473758}, {tempbin=3, sum=0.13948471748078559}, {tempbin=4, sum=2.4558285932006833E-4}]}","{""type"":""MultiPoint"",""coordinates"":[]}"
000000000000000000b6,Lino Lakes,"{groups=[{tempbin=1, sum=19.415705827448495}, {tempbin=2, sum=3.94677177937773}, {tempbin=3, sum=3.244294107860925}, {tempbin=4, sum=0.3904841430890443}, {tempbin=5, sum=0.2621275098345151}]}","{""type"":""MultiPoint"",""coordinates"":[]}"
000000000000000000b7,Marine on St. Croix,"{groups=[{tempbin=1, sum=3.1149737425185693}, {tempbin=2, sum=0.5499924280654694}, {tempbin=3, sum=0.23018846086878683}]}","{""type"":""MultiPoint"",""coordinates"":[]}"
000000000000000000b8,Spring Lake Twp.,"{groups=[{tempbin=1, sum=16.773298964564308}, {tempbin=2, sum=4.840667101183959}, {tempbin=3, sum=3.2409548738897422}, {tempbin=4, sum=0.3838436348049294}, {tempbin=5, sum=0.23995537626851735}]}","{""type"":""MultiPoint"",""coordinates"":[]}"
000000000000000000b9,Bayport,"{groups=[{tempbin=1, sum=0.30631684479741184}, {tempbin=2, sum=0.2790624825871762}, {tempbin=3, sum=0.7720531962445126}, {tempbin=4, sum=0.1908462936934754}, {tempbin=5, sum=0.15571447867770963}]}","{""type"":""MultiPoint"",""coordinates"":[]}"
0000000000000000004a,Columbia Heights,"{groups=[{tempbin=1, sum=0.33853963079163274}, {tempbin=2, sum=1.0304084590491027}, {tempbin=3, sum=1.822134724960979}, {tempbin=4, sum=0.20352200340064086}, {tempbin=5, sum=0.0218497506941162}]}","{""type"":""MultiPoint"",""coordinates"":[]}"
0000000000000000004b,Elko New Market,"{groups=[{tempbin=1, sum=1.1062628005610922}, {tempbin=2, sum=0.5809697957225838}, {tempbin=3, sum=1.206959510082181}, {tempbin=4, sum=0.30520474381631546}, {tempbin=5, sum=0.045049160833923366}]}","{""type"":""MultiPoint"",""coordinates"":[]}"
0000000000000000004c,Ham Lake,"{groups=[{tempbin=1, sum=20.312384615395214}, {tempbin=2, sum=6.629117055062128}, {tempbin=3, sum=5.359820469427454}, {tempbin=4, sum=0.6933887603246904}, {tempbin=5, sum=0.43134411774468423}]}","{""type"":""MultiPoint"",""coordinates"":[]}"
0000000000000000004d,New Germany,"{groups=[{tempbin=1, sum=0.4313477022957644}, {tempbin=2, sum=0.1981789640650084}, {tempbin=3, sum=0.2887767271976991}, {tempbin=4, sum=0.007139765135467526}]}","{""type"":""MultiPoint"",""coordinates"":[]}"
0000000000000000004e,West St. Paul,"{groups=[{tempbin=1, sum=1.910221034494788}, {tempbin=2, sum=1.6941866099911391}, {tempbin=3, sum=0.966334217345286}, {tempbin=4, sum=0.27420834675975875}, {tempbin=5, sum=0.0817235834445374}]}","{""type"":""MultiPoint"",""coordinates"":[]}"
0000000000000000004f,Stillwater Twp.,"{groups=[{tempbin=1, sum=8.938848472671667}, {tempbin=2, sum=3.0442998360851488}, {tempbin=3, sum=2.321219048954366}, {tempbin=4, sum=0.14814390019768062}, {tempbin=5, sum=0.02109101143057252}]}","{""type"":""MultiPoint"",""coordinates"":[]}"
00000000000000000050,Douglas Twp.,"{groups=[{tempbin=1, sum=32.23557450748526}, {tempbin=2, sum=1.108105937070286}, {tempbin=3, sum=0.44165251716174303}, {tempbin=4, sum=0.08313024985768437}, {tempbin=5, sum=0.14001755626571039}]}","{""type"":""MultiPoint"",""coordinates"":[]}"
00000000000000000051,Edina,"{groups=[{tempbin=1, sum=3.83622628725892}, {tempbin=2, sum=4.847651847758619}, {tempbin=3, sum=4.694109039927699}, {tempbin=4, sum=0.94058087176643}, {tempbin=5, sum=1.0534429197467512}]}","{""type"":""MultiPoint"",""coordinates"":[]}"
00000000000000000052,Mounds View,"{groups=[{tempbin=1, sum=1.861155821566009}, {tempbin=2, sum=1.085284624286856}, {tempbin=3, sum=0.957027572735889}, {tempbin=4, sum=0.14275942920252652}, {tempbin=5, sum=0.044398610683428937}]}","{""type"":""MultiPoint"",""coordinates"":[]}"
00000000000000000053,Miesville,"{groups=[{tempbin=1, sum=1.5445398421962182}, {tempbin=2, sum=0.13061413186424564}, {tempbin=3, sum=0.06382153802839963}]}","{""type"":""MultiPoint"",""coordinates"":[]}"
00000000000000000054,Waconia,"{groups=[{tempbin=1, sum=1.175414775945397}, {tempbin=2, sum=0.7487078471858868}, {tempbin=3, sum=2.016864635904147}, {tempbin=4, sum=1.0540780033213224}, {tempbin=5, sum=0.2074599448072446}]}","{""type"":""MultiPoint"",""coordinates"":[]}"
00000000000000000055,Willernie,"{groups=[{tempbin=1, sum=0.09402038454699115}, {tempbin=2, sum=0.014728208941351318}, {tempbin=3, sum=0.01399170327835694}]}","{""type"":""MultiPoint"",""coordinates"":[]}"
00000000000000000056,Mendota,"{groups=[{tempbin=1, sum=0.2661270652271116}, {tempbin=2, sum=0.0032004647435852048}]}","{""type"":""MultiPoint"",""coordinates"":[]}"
00000000000000000057,Gem Lake,"{groups=[{tempbin=1, sum=0.6514556582827314}, {tempbin=2, sum=0.2169836785012934}, {tempbin=3, sum=0.1328058509487672}, {tempbin=4, sum=0.0341234742621094}, {tempbin=5, sum=0.01325666549761963}]}","{""type"":""MultiPoint"",""coordinates"":[]}"
00000000000000000058,Little Canada,"{groups=[{tempbin=1, sum=1.3980613641291564}, {tempbin=2, sum=0.9178295689708481}, {tempbin=3, sum=1.3387492200864166}, {tempbin=4, sum=0.2374875520168023}, {tempbin=5, sum=0.039044972120416285}]}","{""type"":""MultiPoint"",""coordinates"":[]}"
00000000000000000059,Belle Plaine Twp.,"{groups=[{tempbin=1, sum=30.41135091777539}, {tempbin=2, sum=2.702593500875629}, {tempbin=3, sum=2.0135544812910977}, {tempbin=4, sum=0.41173318241702633}, {tempbin=5, sum=0.5797736748898651}]}","{""type"":""MultiPoint"",""coordinates"":[]}"
0000000000000000005a,New Market Twp.,"{groups=[{tempbin=1, sum=19.817117557233452}, {tempbin=2, sum=6.316493784361323}, {tempbin=3, sum=4.754177874033778}, {tempbin=4, sum=0.44866174901346795}, {tempbin=5, sum=0.2652955671812812}]}","{""type"":""MultiPoint"",""coordinates"":[]}"
0000000000000000005b,Blaine,"{groups=[{tempbin=1, sum=11.179069971919825}, {tempbin=2, sum=7.617602443929445}, {tempbin=3, sum=11.607929773116659}, {tempbin=4, sum=1.7784187181511866}, {tempbin=5, sum=0.46537198069509883}]}","{""type"":""MultiPoint"",""coordinates"":[]}"
0000000000000000005c,Lakeland,"{groups=[{tempbin=1, sum=0.7382922608567533}, {tempbin=2, sum=0.5633790910105376}, {tempbin=3, sum=0.5729464739175839}, {tempbin=4, sum=0.11113981794146106}, {tempbin=5, sum=0.07646248245168454}]}","{""type"":""MultiPoint"",""coordinates"":[]}"
0000000000000000005d,Greenwood,"{groups=[{tempbin=1, sum=0.3361530140640198}, {tempbin=2, sum=0.007137493687298582}]}","{""type"":""MultiPoint"",""coordinates"":[]}"
0000000000000000005e,Andover,"{groups=[{tempbin=1, sum=16.096480354014062}, {tempbin=2, sum=7.533601637995194}, {tempbin=3, sum=8.201945138343175}, {tempbin=4, sum=0.8680315924902874}, {tempbin=5, sum=0.3743745034134134}]}","{""type"":""MultiPoint"",""coordinates"":[]}"
0000000000000000005f,Eagan,"{groups=[{tempbin=1, sum=14.3421632453364}, {tempbin=2, sum=5.484660310030653}, {tempbin=3, sum=8.963891924360341}, {tempbin=4, sum=1.61427820940637}, {tempbin=5, sum=0.936812787400686}]}","{""type"":""MultiPoint"",""coordinates"":[]}"
00000000000000000060,St. Bonifacius,"{groups=[{tempbin=1, sum=0.26259995154127747}, {tempbin=2, sum=0.29582118657400003}, {tempbin=3, sum=0.4543199892283992}, {tempbin=4, sum=0.02091911718433227}]}","{""type"":""MultiPoint"",""coordinates"":[]}"
00000000000000000061,Dellwood,"{groups=[{tempbin=1, sum=2.1838959481668505}, {tempbin=2, sum=0.2599677286478934}, {tempbin=3, sum=0.08779627754829708}, {tempbin=4, sum=0.002942986214904785}]}","{""type"":""MultiPoint"",""coordinates"":[]}"
00000000000000000062,New Trier,"{groups=[{tempbin=1, sum=0.12591585181538073}, {tempbin=2, sum=0.030428189730065912}, {tempbin=3, sum=0.0321595214684326}]}","{""type"":""MultiPoint"",""coordinates"":[]}"
00000000000000000063,Coon Rapids,"{groups=[{tempbin=1, sum=5.007727624536988}, {tempbin=2, sum=5.044505215570112}, {tempbin=3, sum=9.657292169652571}, {tempbin=4, sum=1.8822113035721433}, {tempbin=5, sum=0.7193851977061891}]}","{""type"":""MultiPoint"",""coordinates"":[]}"
00000000000000000064,St. Paul,"{groups=[{tempbin=1, sum=12.635881843298433}, {tempbin=2, sum=15.490511700375302}, {tempbin=3, sum=18.521744890982983}, {tempbin=4, sum=3.3207897603888776}, {tempbin=5, sum=1.6738101367972857}]}","{""type"":""MultiPoint"",""coordinates"":[]}"
00000000000000000065,Minnetrista,"{groups=[{tempbin=1, sum=18.174951219080405}, {tempbin=2, sum=3.629393803072737}, {tempbin=3, sum=1.9779675235641865}, {tempbin=4, sum=0.12845790789252318}, {tempbin=5, sum=0.026809921920520036}]}","{""type"":""MultiPoint"",""coordinates"":[]}"
00000000000000000066,Ravenna Twp.,"{groups=[{tempbin=1, sum=17.913807779028854}, {tempbin=2, sum=1.0016954860484082}, {tempbin=3, sum=0.6960430746704731}, {tempbin=4, sum=0.05360753282667847}, {tempbin=5, sum=0.02543698333602904}]}","{""type"":""MultiPoint"",""coordinates"":[]}"
00000000000000000067,Sunfish Lake,"{groups=[{tempbin=1, sum=1.4782337949006163}, {tempbin=2, sum=0.04703233544077155}, {tempbin=3, sum=0.013297530709039296}]}","{""type"":""MultiPoint"",""coordinates"":[]}"
00000000000000000068,St. Lawrence Twp.,"{groups=[{tempbin=1, sum=9.84296361102243}, {tempbin=2, sum=1.5594247853266197}, {tempbin=3, sum=1.4656496676232655}, {tempbin=4, sum=0.3625471622530179}, {tempbin=5, sum=0.30769962846059085}]}","{""type"":""MultiPoint"",""coordinates"":[]}"
00000000000000000069,Burnsville,"{groups=[{tempbin=1, sum=7.394994996326839}, {tempbin=2, sum=4.705047256155963}, {tempbin=3, sum=8.1222519606303}, {tempbin=4, sum=2.8319946501491}, {tempbin=5, sum=1.768894748022697}]}","{""type"":""MultiPoint"",""coordinates"":[]}"
0000000000000000006a,Vermillion Twp.,"{groups=[{tempbin=1, sum=25.32445991170017}, {tempbin=2, sum=3.4679684583070514}, {tempbin=3, sum=3.8556309791555186}, {tempbin=4, sum=0.7518385204425654}, {tempbin=5, sum=0.5814046372420322}]}","{""type"":""MultiPoint"",""coordinates"":[]}"
0000000000000000006b,Centerville,"{groups=[{tempbin=1, sum=0.9158508719127222}, {tempbin=2, sum=0.5429807071130159}, {tempbin=3, sum=0.6304373102405952}, {tempbin=4, sum=0.007350523396105957}]}","{""type"":""MultiPoint"",""coordinates"":[]}"
0000000000000000006c,Hollywood Twp.,"{groups=[{tempbin=1, sum=24.154179168015013}, {tempbin=2, sum=5.934803837484328}, {tempbin=3, sum=3.3393738972431777}, {tempbin=4, sum=0.6110448028342185}, {tempbin=5, sum=0.30550495164834823}]}","{""type"":""MultiPoint"",""coordinates"":[]}"
0000000000000000006d,Vadnais Heights,"{groups=[{tempbin=1, sum=2.974171502855727}, {tempbin=2, sum=1.3372730314948513}, {tempbin=3, sum=1.7977217012358366}, {tempbin=4, sum=0.3562272948897401}, {tempbin=5, sum=0.06162337851591807}]}","{""type"":""MultiPoint"",""coordinates"":[]}"
0000000000000000006e,St. Anthony,"{groups=[{tempbin=1, sum=0.4701163784141614}, {tempbin=2, sum=0.9450559602580146}, {tempbin=3, sum=0.7085036068226147}, {tempbin=4, sum=0.1026525000372803}, {tempbin=5, sum=0.019890743887628154}]}","{""type"":""MultiPoint"",""coordinates"":[]}"
0000000000000000006f,Brooklyn Center,"{groups=[{tempbin=1, sum=0.6512815068926947}, {tempbin=2, sum=0.6866774053535}, {tempbin=3, sum=4.927520645804667}, {tempbin=4, sum=1.0249156862734201}, {tempbin=5, sum=0.6906654338795347}]}","{""type"":""MultiPoint"",""coordinates"":[]}"
00000000000000000070,Mound,"{groups=[{tempbin=1, sum=1.0589571256206125}, {tempbin=2, sum=0.5819905143699843}, {tempbin=3, sum=0.2673740852759388}, {tempbin=4, sum=0.05977239077257688}, {tempbin=5, sum=0.024351669597766086}]}","{""type"":""MultiPoint"",""coordinates"":[]}"
00000000000000000071,Hanover,"{groups=[{tempbin=1, sum=1.2311677597431432}, {tempbin=2, sum=0.44304803880216137}, {tempbin=3, sum=0.34184340462139656}, {tempbin=4, sum=0.03847517418164064}]}","{""type"":""MultiPoint"",""coordinates"":[]}"
00000000000000000072,Camden Twp.,"{groups=[{tempbin=1, sum=26.59310533157734}, {tempbin=2, sum=4.373816093977528}, {tempbin=3, sum=1.7983872852022436}, {tempbin=4, sum=0.05074309489097898}, {tempbin=5, sum=0.034239399231774895}]}","{""type"":""MultiPoint"",""coordinates"":[]}"
00000000000000000073,Randolph Twp.,"{groups=[{tempbin=1, sum=5.77014771384617}, {tempbin=2, sum=1.4261300998228008}, {tempbin=3, sum=1.3367500967263857}, {tempbin=4, sum=0.4416156323811558}, {tempbin=5, sum=0.3145608517146227}]}","{""type"":""MultiPoint"",""coordinates"":[]}"
00000000000000000074,Forest Lake,"{groups=[{tempbin=1, sum=21.195530497079066}, {tempbin=2, sum=4.112005686559972}, {tempbin=3, sum=3.562642662953819}, {tempbin=4, sum=0.5355102767846385}, {tempbin=5, sum=0.17200313103554077}]}","{""type"":""MultiPoint"",""coordinates"":[]}"
00000000000000000075,Inver Grove Heights,"{groups=[{tempbin=1, sum=19.34753050900775}, {tempbin=2, sum=4.535398156719057}, {tempbin=3, sum=3.6877143468274385}, {tempbin=4, sum=0.3310982653284672}, {tempbin=5, sum=0.0763667582604126}]}","{""type"":""MultiPoint"",""coordinates"":[]}"
00000000000000000076,Nowthen,"{groups=[{tempbin=1, sum=20.64020889753443}, {tempbin=2, sum=6.655937413088428}, {tempbin=3, sum=4.615159456078816}, {tempbin=4, sum=0.4935308053203948}, {tempbin=5, sum=0.085976776113849}]}","{""type"":""MultiPoint"",""coordinates"":[]}"
00000000000000000077,Arden Hills,"{groups=[{tempbin=1, sum=4.012472117239904}, {tempbin=2, sum=1.8951657072300938}, {tempbin=3, sum=2.178126636097108}, {tempbin=4, sum=0.33963434063536363}, {tempbin=5, sum=0.16910788453972753}]}","{""type"":""MultiPoint"",""coordinates"":[]}"
00000000000000000078,Savage,"{groups=[{tempbin=1, sum=5.919503391792811}, {tempbin=2, sum=2.576663118842789}, {tempbin=3, sum=5.3352691324238615}, {tempbin=4, sum=0.9085153135442907}, {tempbin=5, sum=0.37902334534151444}]}","{""type"":""MultiPoint"",""coordinates"":[]}"
00000000000000000079,Hampton Twp.,"{groups=[{tempbin=1, sum=25.928492885344138}, {tempbin=2, sum=4.199369502297743}, {tempbin=3, sum=3.4987499573210243}, {tempbin=4, sum=0.5552001731678452}, {tempbin=5, sum=0.29414328927050293}]}","{""type"":""MultiPoint"",""coordinates"":[]}"
0000000000000000007a,Watertown,"{groups=[{tempbin=1, sum=0.7641720334713872}, {tempbin=2, sum=0.45560080271271913}, {tempbin=3, sum=1.0985912873072197}, {tempbin=4, sum=0.19548564480565822}, {tempbin=5, sum=0.018192473823449705}]}","{""type"":""MultiPoint"",""coordinates"":[]}"
0000000000000000007b,Linwood Twp.,"{groups=[{tempbin=1, sum=26.454734291903726}, {tempbin=2, sum=2.0483482463387426}, {tempbin=3, sum=2.019625281515914}, {tempbin=4, sum=0.22549787755752004}, {tempbin=5, sum=0.023186243125909417}]}","{""type"":""MultiPoint"",""coordinates"":[]}"
0000000000000000007c,New Hope,"{groups=[{tempbin=1, sum=0.14681831339415857}, {tempbin=2, sum=1.2488881698768053}, {tempbin=3, sum=2.4531365101966562}, {tempbin=4, sum=0.7766383276193182}, {tempbin=5, sum=0.377145087376848}]}","{""type"":""MultiPoint"",""coordinates"":[]}"
0000000000000000007d,Randolph,"{groups=[{tempbin=1, sum=0.4808120576466823}, {tempbin=2, sum=0.14861899638907444}, {tempbin=3, sum=0.28287400956564146}, {tempbin=4, sum=0.052759532116516135}, {tempbin=5, sum=0.011641370972222908}]}","{""type"":""MultiPoint"",""coordinates"":[]}"
0000000000000000007e,Orono,"{groups=[{tempbin=1, sum=11.420326883865455}, {tempbin=2, sum=1.3827669374640414}, {tempbin=3, sum=0.48216568819119976}, {tempbin=4, sum=0.08502960145698843}, {tempbin=5, sum=0.004177503212695312}]}","{""type"":""MultiPoint"",""coordinates"":[]}"
0000000000000000007f,Hopkins,"{groups=[{tempbin=1, sum=0.6732601542816237}, {tempbin=2, sum=0.6932693978773155}, {tempbin=3, sum=1.4823413608255862}, {tempbin=4, sum=0.6945653950316268}, {tempbin=5, sum=0.47708036433709583}]}","{""type"":""MultiPoint"",""coordinates"":[]}"
00000000000000000080,Sand Creek Twp.,"{groups=[{tempbin=1, sum=20.407473801541933}, {tempbin=2, sum=6.034167041098591}, {tempbin=3, sum=3.7723279944168246}, {tempbin=4, sum=0.3175087437136782}, {tempbin=5, sum=0.2762714154578782}]}","{""type"":""MultiPoint"",""coordinates"":[]}"
00000000000000000081,Columbus,"{groups=[{tempbin=1, sum=30.84208275091193}, {tempbin=2, sum=2.520031303481718}, {tempbin=3, sum=1.845559448369853}, {tempbin=4, sum=0.20995564022852778}, {tempbin=5, sum=0.1081566314206237}]}","{""type"":""MultiPoint"",""coordinates"":[]}"
00000000000000000082,Woodbury,"{groups=[{tempbin=1, sum=16.790324440579152}, {tempbin=2, sum=5.7747648986616165}, {tempbin=3, sum=10.06995491885559}, {tempbin=4, sum=1.3027095971782545}, {tempbin=5, sum=0.4307191263584462}]}","{""type"":""MultiPoint"",""coordinates"":[]}"
00000000000000000083,White Bear Twp.,"{groups=[{tempbin=1, sum=4.69296559634094}, {tempbin=2, sum=1.4911782150785975}, {tempbin=3, sum=0.9809917512990624}, {tempbin=4, sum=0.04048212419681399}, {tempbin=5, sum=0.015946446700964366}]}","{""type"":""MultiPoint"",""coordinates"":[]}"
00000000000000000084,Hastings,"{groups=[{tempbin=1, sum=4.963580101324345}, {tempbin=2, sum=1.9509230582184476}, {tempbin=3, sum=3.0116874361664117}, {tempbin=4, sum=0.3514981202424906}, {tempbin=5, sum=0.049861853454638685}]}","{""type"":""MultiPoint"",""coordinates"":[]}"
00000000000000000085,Benton Twp.,"{groups=[{tempbin=1, sum=25.022413576216938}, {tempbin=2, sum=4.388399797004913}, {tempbin=3, sum=2.0344402620018824}, {tempbin=4, sum=0.14853597998741425}, {tempbin=5, sum=0.08910456099658821}]}","{""type"":""MultiPoint"",""coordinates"":[]}"
00000000000000000086,Oak Grove,"{groups=[{tempbin=1, sum=18.38071022769911}, {tempbin=2, sum=5.401554681188454}, {tempbin=3, sum=7.530632905339154}, {tempbin=4, sum=1.0383542180442509}, {tempbin=5, sum=0.28110209538037684}]}","{""type"":""MultiPoint"",""coordinates"":[]}"
00000000000000000087,Falcon Heights,"{groups=[{tempbin=1, sum=0.6595517188156385}, {tempbin=2, sum=0.7482916054636424}, {tempbin=3, sum=0.7712350248464485}, {tempbin=4, sum=0.04571616119155886}, {tempbin=5, sum=0.004178339959075927}]}","{""type"":""MultiPoint"",""coordinates"":[]}"
00000000000000000088,Louisville Twp.,"{groups=[{tempbin=1, sum=9.141573499500025}, {tempbin=2, sum=1.8266497798690995}, {tempbin=3, sum=2.0736647621150786}, {tempbin=4, sum=0.4113006583930724}, {tempbin=5, sum=0.2097293541212217}]}","{""type"":""MultiPoint"",""coordinates"":[]}"
00000000000000000089,Cedar Lake Twp.,"{groups=[{tempbin=1, sum=18.262654462036668}, {tempbin=2, sum=7.534541422009188}, {tempbin=3, sum=5.818534687217257}, {tempbin=4, sum=0.48865165832428237}, {tempbin=5, sum=0.21867895709170532}]}","{""type"":""MultiPoint"",""coordinates"":[]}"
0000000000000000008a,Cottage Grove,"{groups=[{tempbin=1, sum=21.103063881373103}, {tempbin=2, sum=5.674071109257298}, {tempbin=3, sum=6.021856068495165}, {tempbin=4, sum=0.6822951227272729}, {tempbin=5, sum=0.22506177598148808}]}","{""type"":""MultiPoint"",""coordinates"":[]}"
0000000000000000008b,Lakeville,"{groups=[{tempbin=1, sum=13.131250107639353}, {tempbin=2, sum=5.034335664349104}, {tempbin=3, sum=11.741162281886496}, {tempbin=4, sum=3.802047473819144}, {tempbin=5, sum=2.6706835095405177}]}","{""type"":""MultiPoint"",""coordinates"":[]}"
0000000000000000008c,Norwood Young America,"{groups=[{tempbin=1, sum=0.560460389293222}, {tempbin=2, sum=0.35421904440285534}, {tempbin=3, sum=1.1751245172344968}, {tempbin=4, sum=0.2792396579480534}, {tempbin=5, sum=0.06388808784477538}]}","{""type"":""MultiPoint"",""coordinates"":[]}"
0000000000000000008d,Waconia Twp.,"{groups=[{tempbin=1, sum=18.176063600658136}, {tempbin=2, sum=3.891952153753014}, {tempbin=3, sum=1.8699053029491457}, {tempbin=4, sum=0.16188009692294267}, {tempbin=5, sum=0.1855321345153011}]}","{""type"":""MultiPoint"",""coordinates"":[]}"
0000000000000000008e,Grey Cloud Island Twp.,"{groups=[{tempbin=1, sum=2.0783309829736147}, {tempbin=2, sum=0.06212442060845948}, {tempbin=3, sum=0.010353951134033203}]}","{""type"":""MultiPoint"",""coordinates"":[]}"
0000000000000000008f,St. Louis Park,"{groups=[{tempbin=1, sum=1.1085819037776823}, {tempbin=2, sum=1.8393414267351493}, {tempbin=3, sum=5.077094004333708}, {tempbin=4, sum=1.3720185537198568}, {tempbin=5, sum=0.9478711661076268}]}","{""type"":""MultiPoint"",""coordinates"":[]}"
00000000000000000090,Hugo,"{groups=[{tempbin=1, sum=22.410277432798534}, {tempbin=2, sum=5.518723722224381}, {tempbin=3, sum=4.158747959851145}, {tempbin=4, sum=0.3013487935160335}, {tempbin=5, sum=0.2043337158952513}]}","{""type"":""MultiPoint"",""coordinates"":[]}"
00000000000000000091,Roseville,"{groups=[{tempbin=1, sum=5.072228245916014}, {tempbin=2, sum=3.470481982810109}, {tempbin=3, sum=3.1287157971519357}, {tempbin=4, sum=0.8803643550230827}, {tempbin=5, sum=0.35887943853061505}]}","{""type"":""MultiPoint"",""coordinates"":[]}"
00000000000000000092,Apple Valley,"{groups=[{tempbin=1, sum=4.853210033872432}, {tempbin=2, sum=2.650897068479893}, {tempbin=3, sum=5.046542126535546}, {tempbin=4, sum=2.120547319199678}, {tempbin=5, sum=2.223628148193951}]}","{""type"":""MultiPoint"",""coordinates"":[]}"
00000000000000000093,Minneapolis,"{groups=[{tempbin=1, sum=4.402046756839362}, {tempbin=2, sum=8.861157806969011}, {tempbin=3, sum=29.239543467155986}, {tempbin=4, sum=6.94155273013264}, {tempbin=5, sum=4.431008126417011}]}","{""type"":""MultiPoint"",""coordinates"":[]}"
